route_id,timepoints,timepoints_scored,on_time_rate,on_time_rate_lower,on_time_rate_pm_peak,share_frequent,catchment_households,catchment_hh_no_vehicle,share_no_vehicle,avg_median_income,stops
35,129648,124911,0.4874,0.4696,0.253,0.0115,25066.1171,5859.3008,0.2338,121431.4206,144
8,257910,249516,0.4955,0.4793,0.3994,0.0001,27119.8012,11665.0578,0.4301,82372.7473,84
29,97577,94687,0.5071,0.4921,0.36,0.0,16943.5565,6252.3722,0.369,57046.5345,55
455,221549,214100,0.508,0.4909,0.3281,0.0098,22404.6847,4538.8088,0.2026,77446.8714,137
14,91826,84495,0.5096,0.4689,0.438,0.0,24143.064,8706.7209,0.3606,71739.0091,90
19,163797,159212,0.5105,0.4962,0.4348,0.0093,31877.0679,13247.0976,0.4156,63319.1584,103
350,210680,205798,0.5369,0.5245,0.4308,0.0,11760.7501,1333.2911,0.1134,153647.8803,125
44,255368,235888,0.5445,0.503,0.5111,0.0392,14533.1115,6599.3558,0.4541,53467.8382,49
558,11250,10467,0.5452,0.5073,0.4436,0.0,11846.9957,1223.9118,0.1033,126579.1979,81
24,168787,162759,0.5471,0.5275,0.3494,0.0027,11832.1112,2314.2558,0.1956,98294.6191,85
450,149711,145019,0.5528,0.5355,0.4137,0.0,21323.3152,5296.5043,0.2484,93399.7394,113
45,220038,213322,0.556,0.539,0.4909,0.0284,20096.0982,7599.0445,0.3781,54852.8387,66
37,92059,90317,0.5565,0.546,0.3695,0.0342,10773.7314,1183.4598,0.1098,134522.7846,66
435,88178,81386,0.5625,0.5191,0.5051,0.0,17972.3084,2743.4292,0.1526,81961.4205,125
202,23000,21434,0.5677,0.529,0.5893,0.0,8304.2801,1339.9103,0.1614,98427.8925,34
62,131745,127641,0.5688,0.551,0.4958,0.0,10521.4589,1345.7091,0.1279,170444.7987,133
33,61208,56917,0.5694,0.5295,0.4335,0.0,16353.8584,2975.6952,0.182,103209.0561,129
47,257116,226229,0.571,0.5024,0.5693,0.1774,25426.8666,10919.9434,0.4295,98842.5708,63
451,18000,17536,0.5717,0.557,0.5167,0.0,8603.5248,1452.8971,0.1689,92928.4787,91
41,138888,136369,0.5725,0.5621,0.5007,0.0,18755.8321,6370.9237,0.3397,98740.0893,62
SLW,143750,52750,0.5731,0.2103,0.534,0.9797,3602.2508,1609.5646,0.4468,182860.5908,8
240,268445,250642,0.5739,0.5358,0.5051,0.0,8533.8296,1212.3571,0.1421,119918.3874,162
17,131765,128375,0.5743,0.5595,0.5268,0.0284,12348.5622,3723.0222,0.3015,76862.5227,50
441,76242,73769,0.5764,0.5577,0.4709,0.0,19379.2813,4038.9719,0.2084,86925.2604,135
245,22697,21754,0.5774,0.5534,0.4815,0.0,11439.5222,1422.7119,0.1244,114338.6782,111
10,213820,201360,0.5789,0.5452,0.526,0.0,40863.3731,13695.4307,0.3352,122595.4577,99
428,10500,9909,0.58,0.5473,0.3709,0.0,13016.9164,4341.4332,0.3335,117328.7289,93
211,81329,77296,0.5827,0.5538,0.5153,0.0,8316.3727,1083.0036,0.1302,104301.3281,79
42,133657,129737,0.5834,0.5663,0.396,0.1047,11753.5996,4027.1373,0.3426,85955.9871,37
171,4368,3750,0.5856,0.5027,,0.0,8622.6838,3395.8091,0.3938,77796.2414,16
26,85761,82012,0.5875,0.5619,0.3452,0.0,10596.3739,2721.7502,0.2569,83716.6194,31
76,60364,56296,0.5889,0.5493,0.5851,0.0,9289.9516,1279.2802,0.1377,170135.7393,94
34E,361988,355191,0.5902,0.5792,0.5047,0.0,14718.9436,2000.8129,0.1359,112884.6804,166
426,126969,120162,0.5909,0.5592,0.449,0.012,21152.6344,6595.6386,0.3118,94307.9882,109
CT3,105620,103430,0.5909,0.5786,0.5819,0.0,11811.6435,5172.7993,0.4379,72035.7454,19
505,66250,61117,0.5918,0.5459,0.5179,0.0,10788.7159,3193.4568,0.296,120665.1362,51
36,214847,209335,0.5929,0.5777,0.4328,0.0158,17372.6837,3840.7446,0.2211,97611.2557,95
424,14994,14705,0.5948,0.5834,0.4495,0.0,12333.2284,1941.9337,0.1575,84397.3387,79
CT2,145288,140305,0.5959,0.5755,0.5144,0.0,18668.3587,7730.2999,0.4141,97395.8346,38
238,156413,143397,0.6006,0.5506,0.4723,0.0,11101.0003,1671.2754,0.1506,98268.7244,160
112,103664,98722,0.6022,0.5735,0.5807,0.0,16909.431,4271.3239,0.2526,81461.5787,72
87,240195,236903,0.6028,0.5946,0.5095,0.0,21669.6869,4771.0049,0.2202,139391.3441,67
52,73796,71146,0.6054,0.5837,0.5139,0.0,8061.553,541.8896,0.0672,167976.2888,111
4,44500,41546,0.6056,0.5654,0.5721,0.0146,15810.4363,8375.7832,0.5298,146067.3593,46
553,44464,33814,0.6078,0.4622,0.4581,0.0,11528.8074,1082.4864,0.0939,129551.4007,88
430,73772,71938,0.6083,0.5932,0.5336,0.0,12220.6894,1828.2967,0.1496,105806.6472,99
442,108597,104659,0.6084,0.5864,0.5788,0.0188,17943.7918,3978.8412,0.2217,88515.0537,147
411,70503,69005,0.6085,0.5955,0.6039,0.016,18122.1848,3163.4637,0.1746,99679.7119,108
354,70103,66261,0.6136,0.58,0.4691,0.0,10629.6796,3183.109,0.2995,124169.2425,91
50,66154,58465,0.6168,0.5451,0.4688,0.0,10093.4745,1753.6961,0.1737,111585.4,56
11,197832,192201,0.6211,0.6034,0.5426,0.1159,24384.1859,8805.2561,0.3611,149594.8075,65
429,86192,83591,0.6215,0.6027,0.5532,0.0233,14872.6056,2594.1391,0.1744,76843.057,131
70,367371,351532,0.6272,0.6002,0.5754,0.134,22057.4763,5495.7903,0.2492,113207.2657,112
436,58702,56654,0.6295,0.6076,0.5221,0.0,16151.6465,3213.9673,0.199,76894.8076,118
556,12000,10824,0.6328,0.5708,0.5741,0.0,10669.8855,1170.2088,0.1097,116812.9341,71
30,114997,113113,0.6336,0.6232,0.5783,0.0435,9739.0554,1890.7511,0.1941,105046.6352,51
230,167288,154926,0.6368,0.5897,0.5364,0.0,7956.6529,1137.5512,0.143,107026.9218,136
134,136625,131400,0.6378,0.6134,0.553,0.0223,13386.6517,1302.0154,0.0973,126070.2913,139
210,72325,67512,0.6379,0.5955,0.5668,0.0,11215.2327,1878.1535,0.1675,95031.9727,61
59,85424,82716,0.6385,0.6183,0.5836,0.0,10303.5349,698.7687,0.0678,158525.175,123
501,72478,67520,0.6388,0.5951,0.5621,0.2889,23140.6322,9277.2517,0.4009,109792.4822,58
34,226864,215886,0.6404,0.6094,0.458,0.0133,17521.4463,4293.4199,0.245,86271.0042,89
220,143055,135659,0.6426,0.6094,0.4405,0.0,7342.3436,1231.7059,0.1678,105897.1542,103
137,133772,130841,0.6435,0.6294,0.6042,0.0,12959.5411,1764.8552,0.1362,121039.9555,100
504,117149,111439,0.646,0.6145,0.6354,0.2406,12624.3071,5784.326,0.4582,125123.1781,19
217,18380,17430,0.6469,0.6134,0.601,0.0,14292.1847,2049.1698,0.1434,110200.629,148
439,10024,9754,0.6499,0.6324,0.5204,0.0,9955.3821,2886.5333,0.2899,57826.9851,68
51,99260,97701,0.6521,0.6419,0.5888,0.0,11378.1867,1657.3655,0.1457,139711.5405,90
16,416480,401883,0.6524,0.6295,0.6007,0.423,17141.903,5425.6542,0.3165,81294.1211,74
60,178099,173086,0.6544,0.636,0.572,0.0,14827.47,5951.9821,0.4014,104021.3232,57
78,185745,181536,0.6548,0.64,0.5986,0.0118,13057.3712,2521.6642,0.1931,144362.1969,91
96,166735,162662,0.6551,0.6391,0.6316,0.0,15401.37,3665.665,0.238,134942.8143,55
108,130194,127939,0.6562,0.6448,0.6079,0.0214,14495.0265,2469.9888,0.1704,104786.4455,83
83,109790,107826,0.6583,0.6466,0.5727,0.0052,24910.2186,7715.566,0.3097,135321.5505,56
201,92261,87584,0.6668,0.633,0.5999,0.0,8420.3122,1378.2826,0.1637,98129.6064,35
55,19497,17541,0.6674,0.6004,0.8623,0.0,18812.5013,10368.2153,0.5511,101959.8573,22
40,90132,87979,0.6675,0.6515,0.5327,0.0,9539.512,1564.7338,0.164,106547.0642,55
215,199129,187661,0.668,0.6295,0.5534,0.0,17017.4988,3049.9126,0.1792,98131.0147,129
90,63155,60708,0.6691,0.6431,0.626,0.0,16925.4472,3794.3986,0.2242,135139.1507,65
222,119726,114027,0.6743,0.6422,0.5825,0.0,9407.8797,1554.65,0.1652,89567.0153,117
67,48000,47413,0.6746,0.6663,0.614,0.0,8726.0277,1416.5024,0.1623,154368.6509,41
120,129174,126480,0.6801,0.6659,0.6374,0.0116,12318.0242,4037.2005,0.3277,94430.5853,59
18,21584,20584,0.6805,0.649,0.6887,0.0,13442.3727,3622.4173,0.2695,90112.8647,55
80,129833,127966,0.6805,0.6707,0.4805,0.0,21160.1235,4006.5922,0.1893,130220.1008,75
132,66439,60368,0.6837,0.6212,0.6286,0.0,8479.2564,1181.4871,0.1393,113514.3748,62
99,85321,74297,0.6844,0.596,0.7351,0.0,13583.9599,2320.9145,0.1709,106167.1294,72
38,102331,100534,0.6854,0.6734,0.535,0.0314,14543.5681,3282.311,0.2257,111947.18,71
65,147329,140324,0.6896,0.6568,0.7319,0.6295,23260.0549,9646.6905,0.4147,98768.0359,57
236,80454,75422,0.6927,0.6493,0.6195,0.0,6969.8057,1062.7313,0.1525,104594.3466,81
64,92625,90412,0.697,0.6804,0.6258,0.0128,21975.2747,8095.1274,0.3684,114259.2117,61
106,143558,141124,0.6971,0.6853,0.652,0.0,13923.2054,2565.2941,0.1842,100666.5608,66
88,218128,215409,0.6988,0.6901,0.6483,0.0167,18783.8985,4410.8635,0.2348,136585.7732,51
119,68124,67008,0.7013,0.6898,0.6185,0.0,9794.8446,1793.2423,0.1831,87383.5492,66
131,39983,38341,0.7047,0.6758,0.6507,0.0,10553.4643,1760.0387,0.1668,118259.818,93
114,16000,15267,0.7047,0.6724,0.6447,0.0,10984.0992,4292.4411,0.3908,75155.5976,29
9,325023,314125,0.708,0.6842,0.7464,0.5688,46252.2363,20220.978,0.4372,115209.3705,81
28,766629,710852,0.7091,0.6575,0.695,0.9883,23098.1438,9443.8825,0.4089,52937.4294,77
43,105328,103298,0.7093,0.6956,0.6518,0.0,23420.0206,10999.804,0.4697,120058.375,26
351,13250,11816,0.7108,0.6339,0.7395,0.0,901.2033,47.3898,0.0526,163424.9077,21
66,651934,617958,0.7118,0.6747,0.7056,0.9849,30181.3362,12546.6805,0.4157,92887.8199,81
101,201209,197389,0.7139,0.7003,0.6271,0.0376,22311.8234,3653.4804,0.1637,115495.4531,105
21,255822,246645,0.7152,0.6895,0.7099,0.4001,10250.139,2471.0194,0.2411,93867.0978,41
61,32064,31794,0.7182,0.7122,0.5946,0.0,5909.6332,600.8066,0.1017,122407.2041,42
554,12000,10903,0.7211,0.6552,0.6523,0.0,13792.257,1240.5817,0.0899,131437.6471,95
39,663391,611704,0.7227,0.6664,0.7172,0.989,45346.5696,19144.6166,0.4222,112238.1347,89
75,174975,171243,0.7271,0.7116,0.694,0.0,8750.0651,1894.4084,0.2165,149624.3965,50
31,323992,309315,0.7283,0.6953,0.735,0.7925,8200.6632,2072.5394,0.2527,85417.4497,32
86,237691,232521,0.7284,0.7126,0.7363,0.3132,11882.8505,3815.5137,0.3211,95573.0429,50
97,48730,47608,0.734,0.7171,0.6503,0.0,12413.3836,2576.9594,0.2076,90472.5146,39
74,146338,144462,0.7355,0.7261,0.6516,0.0,8347.173,2049.7989,0.2456,136955.654,45
105,49270,48203,0.7373,0.7213,0.622,0.0,14624.5375,2662.0145,0.182,96174.6798,81
456,15000,14657,0.7381,0.7213,0.7418,0.0,13236.2106,2747.8967,0.2076,70738.143,77
713,37285,35269,0.7415,0.7014,0.6636,0.0056,4988.8802,738.4339,0.148,108533.9418,52
225,205850,194298,0.7419,0.7002,0.682,0.019,8214.2803,1337.4779,0.1628,99360.5426,75
93,131776,120752,0.7427,0.6806,0.6718,0.012,15536.5074,6352.4243,0.4089,146844.509,48
1,640527,615638,0.7459,0.7169,0.7427,0.9898,27670.8494,13960.6161,0.5045,92878.9234,46
109,644715,630507,0.7474,0.7309,0.7304,0.9893,19888.1553,4763.548,0.2395,104953.6866,85
69,132237,130067,0.748,0.7358,0.6322,0.0367,13112.6242,4688.171,0.3575,131094.1063,31
22,598693,573283,0.7508,0.7189,0.7313,0.9859,25385.1181,10574.3623,0.4166,59170.5205,65
77,603886,572053,0.7524,0.7128,0.7068,0.9883,19328.979,3876.3358,0.2005,146578.7652,78
95,107193,105262,0.7532,0.7396,0.7267,0.0,16011.3275,2324.7296,0.1452,118914.974,97
121,18640,17616,0.7561,0.7146,0.6875,0.0,8124.646,3297.005,0.4058,85850.2071,21
57,593066,563330,0.7564,0.7185,0.7266,0.987,43795.14,20634.4763,0.4712,104068.6182,95
85,20250,19444,0.7566,0.7265,0.6795,0.0,8930.8498,3064.0611,0.3431,130174.3747,15
89,145558,142618,0.7583,0.743,0.6785,0.0316,17550.6893,3302.6329,0.1882,137046.0596,52
23,759100,727366,0.7587,0.727,0.7543,0.9899,19879.9014,7302.9556,0.3674,56536.1455,62
92,81776,73548,0.7594,0.683,0.6744,0.002,13618.1657,5965.2086,0.438,149149.0882,30
SL4,285916,270424,0.7612,0.7199,0.7329,0.9873,18297.8307,8198.0468,0.448,95423.4765,22
15,504317,484684,0.7614,0.7318,0.774,0.986,45817.141,18032.7118,0.3936,89404.4394,147
216,230558,216624,0.7642,0.718,0.7137,0.2337,4671.6077,893.3879,0.1912,87341.2132,85
91,83692,82347,0.7664,0.7541,0.5789,0.0,11926.0492,3884.585,0.3257,132436.9138,32
116,484624,463502,0.7674,0.7339,0.7568,0.9873,25322.4311,9382.8534,0.3705,91462.3917,77
71,369306,333380,0.7725,0.6974,0.753,0.9847,7899.2638,1455.5159,0.1843,132168.8351,45
68,25500,25145,0.7726,0.7619,0.6586,0.0,11866.7167,4853.9665,0.409,129582.923,25
SL1,755752,543750,0.773,0.5561,0.7065,0.9904,3683.3984,1644.1403,0.4464,183665.951,15
94,112912,110350,0.7734,0.7559,0.6645,0.0,11855.9648,2004.7526,0.1691,135609.3276,66
73,360725,325297,0.7768,0.7005,0.7475,0.9855,7454.1969,1156.4866,0.1551,157906.1095,45
32,573190,533724,0.7773,0.7238,0.759,0.9861,17962.8948,4631.5573,0.2578,84557.0971,78
7,172714,166392,0.7786,0.7501,0.765,0.6494,9280.2121,3110.7867,0.3352,169811.4591,33
100,134455,130996,0.7789,0.7588,0.6411,0.0,7074.3675,808.2581,0.1143,121341.7831,34
SL3,855737,659073,0.7794,0.6003,0.7339,0.9898,9597.9429,3630.9987,0.3783,116666.9072,20
712,37180,35117,0.7978,0.7536,0.7432,0.0178,5145.0745,825.4838,0.1604,101332.1786,51
SL5,433114,412880,0.8012,0.7638,0.7731,0.9916,18810.6717,8590.063,0.4567,94022.2126,22
104,432979,419669,0.8038,0.7791,0.7632,0.9882,18304.8271,5171.5653,0.2825,81245.3511,62
SL2,316387,193413,0.8063,0.4929,0.8089,0.9885,3637.4178,1624.359,0.4466,182860.0618,16
226,65282,62805,0.8113,0.7805,0.7501,0.0,4552.8288,424.3564,0.0932,104750.1711,54
110,485707,476398,0.813,0.7974,0.7803,0.988,14910.5577,2699.214,0.181,87874.0035,64
111,1212489,1156236,0.8212,0.7831,0.8097,0.994,16130.2649,6177.3317,0.383,94933.1517,47
